[
  {
    "Id": "a1f0e9d8-c7b6-4a5e-8d7c-6b5a4f3e2d1c",
    "Name": "writing",
    "Description": "Prompts related to written content creation",
    "Color": "#FFB74D",
    "CreateDate": "2025-08-01T00:00:00+00:00",
    "ModifiedDate": "2025-08-01T00:00:00+00:00"
  },
  {
    "Id": "b2a1f0e9-d8c7-4b6a-5e4d-3c2b1a0f9e8d",
    "Name": "education",
    "Description": "Explaining concepts or teaching material",
    "Color": "#4FC3F7",
    "CreateDate": "2025-08-02T00:00:00+00:00",
    "ModifiedDate": "2025-08-02T00:00:00+00:00"
  },
  {
    "Id": "c3b2a1f0-e9d8-4c7b-6a5e-4d3c2b1a0f9e",
    "Name": "marketing",
    "Description": "Prompts for product descriptions and branding",
    "Color": "#81C784",
    "CreateDate": "2025-08-03T00:00:00+00:00",
    "ModifiedDate": "2025-08-03T00:00:00+00:00"
  },
  {
    "Id": "d4c3b2a1-f0e9-4d8c-7b6a-5e4d3c2b1a0f",
    "Name": "social",
    "Description": "Short-form content for social media",
    "Color": "#BA68C8",
    "CreateDate": "2025-08-04T00:00:00+00:00",
    "ModifiedDate": "2025-08-04T00:00:00+00:00"
  },
  {
    "Id": "e5d4c3b2-a1f0-4e9d-8c7b-6a5e4d3c2b1a",
    "Name": "language",
    "Description": "Translation and multilingual prompts",
    "Color": "#FFD54F",
    "CreateDate": "2025-08-05T00:00:00+00:00",
    "ModifiedDate": "2025-08-05T00:00:00+00:00"
  },
  {
    "Id": "f6e5d4c3-b2a1-4f0e-9d8c-7b6a5e4d3c2b",
    "Name": "summary",
    "Description": "Summarizing articles or documents",
    "Color": "#AED581",
    "CreateDate": "2025-08-06T00:00:00+00:00",
    "ModifiedDate": "2025-08-06T00:00:00+00:00"
  },
  {
    "Id": "a7f6e5d4-c3b2-4a1f-0e9d-8c7b6a5e4d3c",
    "Name": "code",
    "Description": "Coding-related tasks and snippets",
    "Color": "#64B5F6",
    "CreateDate": "2025-08-07T00:00:00+00:00",
    "ModifiedDate": "2025-08-07T00:00:00-05:00"
  }
]
