{
  "version": "1.0",
  "defaultProvider": "unpkg",
  "libraries": [
    {
      "library": "@fontsource/roboto@5.0.15",
      "destination": "wwwroot/lib/roboto/",
      "files": [
        "files/roboto-vietnamese-700-normal.woff2",
        "files/roboto-vietnamese-700-normal.woff",
        "files/roboto-vietnamese-500-normal.woff2",
        "files/roboto-vietnamese-500-normal.woff",
        "files/roboto-vietnamese-400-normal.woff2",
        "files/roboto-vietnamese-400-normal.woff",
        "files/roboto-vietnamese-300-normal.woff2",
        "files/roboto-vietnamese-300-normal.woff",
        "files/roboto-latin-ext-700-normal.woff2",
        "files/roboto-latin-ext-700-normal.woff",
        "files/roboto-latin-ext-500-normal.woff2",
        "files/roboto-latin-ext-500-normal.woff",
        "files/roboto-latin-ext-400-normal.woff2",
        "files/roboto-latin-ext-400-normal.woff",
        "files/roboto-latin-ext-300-normal.woff2",
        "files/roboto-latin-ext-300-normal.woff",
        "files/roboto-latin-700-normal.woff2",
        "files/roboto-latin-700-normal.woff",
        "files/roboto-latin-500-normal.woff2",
        "files/roboto-latin-500-normal.woff",
        "files/roboto-latin-400-normal.woff2",
        "files/roboto-latin-400-normal.woff",
        "files/roboto-latin-300-normal.woff2",
        "files/roboto-latin-300-normal.woff",
        "files/roboto-greek-ext-700-normal.woff2",
        "files/roboto-greek-ext-700-normal.woff",
        "files/roboto-greek-ext-500-normal.woff2",
        "files/roboto-greek-ext-500-normal.woff",
        "files/roboto-greek-ext-400-normal.woff2",
        "files/roboto-greek-ext-400-normal.woff",
        "files/roboto-greek-ext-300-normal.woff2",
        "files/roboto-greek-ext-300-normal.woff",
        "files/roboto-greek-700-normal.woff2",
        "files/roboto-greek-700-normal.woff",
        "files/roboto-greek-500-normal.woff2",
        "files/roboto-greek-500-normal.woff",
        "files/roboto-greek-400-normal.woff2",
        "files/roboto-greek-400-normal.woff",
        "files/roboto-greek-300-normal.woff2",
        "files/roboto-greek-300-normal.woff",
        "files/roboto-cyrillic-ext-700-normal.woff2",
        "files/roboto-cyrillic-ext-700-normal.woff",
        "files/roboto-cyrillic-ext-500-normal.woff2",
        "files/roboto-cyrillic-ext-500-normal.woff",
        "files/roboto-cyrillic-ext-400-normal.woff2",
        "files/roboto-cyrillic-ext-400-normal.woff",
        "files/roboto-cyrillic-ext-300-normal.woff2",
        "files/roboto-cyrillic-ext-300-normal.woff",
        "files/roboto-cyrillic-700-normal.woff2",
        "files/roboto-cyrillic-700-normal.woff",
        "files/roboto-cyrillic-500-normal.woff2",
        "files/roboto-cyrillic-500-normal.woff",
        "files/roboto-cyrillic-400-normal.woff2",
        "files/roboto-cyrillic-400-normal.woff",
        "files/roboto-cyrillic-300-normal.woff2",
        "files/roboto-cyrillic-300-normal.woff",
        "700.css",
        "500.css",
        "300.css",
        "400.css",
        "LICENSE"
      ]
    }
  ]
}