Id,Name,Description,Color,CreateDate,ModifiedDate
a1f0e9d8-c7b6-4a5e-8d7c-6b5a4f3e2d1c,writing,Prompts related to written content creation,#FFB74D,2025-08-01T00:00:00Z,2025-08-01T00:00:00Z
b2a1f0e9-d8c7-4b6a-5e4d-3c2b1a0f9e8d,education,Explaining concepts or teaching material,#4FC3F7,2025-08-02T00:00:00Z,2025-08-02T00:00:00Z
c3b2a1f0-e9d8-4c7b-6a5e-4d3c2b1a0f9e,marketing,Prompts for product descriptions and branding,#81C784,2025-08-03T00:00:00Z,2025-08-03T00:00:00Z
d4c3b2a1-f0e9-4d8c-7b6a-5e4d3c2b1a0f,social,Short-form content for social media,#BA68C8,2025-08-04T00:00:00Z,2025-08-04T00:00:00Z
e5d4c3b2-a1f0-4e9d-8c7b-6a5e4d3c2b1a,language,Translation and multilingual prompts,#FFD54F,2025-08-05T00:00:00Z,2025-08-05T00:00:00Z
f6e5d4c3-b2a1-4f0e-9d8c-7b6a5e4d3c2b,summary,Summarizing articles or documents,#AED581,2025-08-06T00:00:00Z,2025-08-06T00:00:00Z
a7f6e5d4-c3b2-4a1f-0e9d-8c7b6a5e4d3c,code,Coding-related tasks and snippets,#64B5F6,2025-08-07T00:00:00Z,2025-08-07